{
   "signature": {
      "code": "p2c-cap-load",
      "version": "0.7.0"
   },
   "widgets": [
      {
         "key": 1,
         "metrics": [
            {
               "key": 4,
               "metricId": 0,
               "lineColor": {
                  "r": 100,
                  "g": 255,
                  "b": 255,
                  "a": 0.8627450980392157
               },
               "fillColor": {
                  "r": 57,
                  "g": 210,
                  "b": 250,
                  "a": 0.09803921568627451
               },
               "axisAffinity": 0
            }
         ],
         "widgetType": 1
      },
      {
         "key": 5,
         "metrics": [
            {
               "key": 8,
               "metricId": 3,
               "lineColor": {
                  "r": 100,
                  "g": 255,
                  "b": 255,
                  "a": 0.8627450980392157
               },
               "fillColor": {
                  "r": 57,
                  "g": 210,
                  "b": 250,
                  "a": 0.09803921568627451
               },
               "axisAffinity": 0
            }
         ],
         "widgetType": 1
      },
      {
         "key": 6,
         "metrics": [
            {
               "key": 9,
               "metricId": 2,
               "lineColor": {
                  "r": 100,
                  "g": 255,
                  "b": 255,
                  "a": 0.8627450980392157
               },
               "fillColor": {
                  "r": 57,
                  "g": 210,
                  "b": 250,
                  "a": 0.09803921568627451
               },
               "axisAffinity": 0
            }
         ],
         "widgetType": 1
      },
      {
         "key": 7,
         "metrics": [
            {
               "key": 10,
               "metricId": 1,
               "lineColor": {
                  "r": 100,
                  "g": 255,
                  "b": 255,
                  "a": 0.8627450980392157
               },
               "fillColor": {
                  "r": 57,
                  "g": 210,
                  "b": 250,
                  "a": 0.09803921568627451
               },
               "axisAffinity": 0
            }
         ],
         "widgetType": 1
      }
   ]
}